[
	{
		"type": "Weapon",
		"name": "Battle-ax",
		"battlePower": "5",
		"bidWorth": "1",
		"frequency": "8"	
	},
	{
		"type": "Weapon",
		"name": "Dagger",
		"battlePower": "5",
		"bidWorth": "1",
		"frequency": "6"	
	},
	{
		"type": "Weapon",
		"name": "Excalibur",
		"battlePower": "30",
		"bidWorth": "1",
		"frequency": "2"	
	},
	{
		"type": "Weapon",
		"name": "Horse",
		"battlePower": "10",
		"bidWorth": "1",
		"frequency": "1"	
	},
	{
		"type": "Weapon",
		"name": "Lance",
		"battlePower": "20",
		"bidWorth": "1",
		"frequency": "6"	
	},
	{
		"type": "Weapon",
		"name": "Sword",
		"battlePower": "10",
		"bidWorth": "1",
		"frequency": "16"	
	}
]