[
	{
		"type": "Ally",
		"name": "Sir Gawain",
		"battlePower": "10",
		"bidWorth": "1",
		"trigger": "Test of the Green Knight",
		"frequency": "1"		
	},
	{
		"type": "Ally",
		"name": "King Pellinore",
		"battlePower": "10",
		"bidWorth": "1",
		"trigger": "Search for the Questing Beast",
		"frequency": "1"	
	},
	{
		"type": "Ally",
		"name": "Sir Percival",
		"battlePower": "5",
		"bidWorth": "1",
		"trigger": "Search for the Holy Grail",
		"frequency": "1"	
	},
	{
		"type": "Ally",
		"name": "Sir Tristan",
		"battlePower": "10",
		"bidWorth": "1",
		"trigger": "Queen Iseult",
		"frequency": "1"	
	},{
		"type": "Ally",
		"name": "King Arthur",
		"battlePower": "10",
		"bidWorth": "2",
		"trigger": null,
		"frequency": "1"	
	},
	{
		"type": "Ally",
		"name": "Queen Guinevere",
		"battlePower": "0",
		"bidWorth": "3",
		"trigger": null,
		"frequency": "1"	
	},
	{
		"type": "Ally",
		"name": "Merlin",
		"battlePower": "0",
		"bidWorth": "1",
		"trigger": null,
		"frequency": "1"	
	},
	{
		"type": "Ally",
		"name": "Queen Iseult",
		"battlePower": "0",
		"bidWorth": "2",
		"trigger": "Tristan",
		"frequency": "1"	
	},
	{
		"type": "Ally",
		"name": "Sir Galahad",
		"battlePower": "15",
		"bidWorth": "1",
		"trigger": null,
		"frequency": "1"	
	}
]